City_ID,City,Country,Lat,Lng,Max Temp,Humidity,Cloudiness,Wind Speed,Current Description
0,Sinnamary,GF,5.38,-52.95,81.07,77,16,11.61,few clouds
1,Kruisfontein,ZA,-34.0,24.73,57.6,46,69,7.11,broken clouds
2,Thompson,CA,55.74,-97.86,39.2,80,75,13.87,light intensity shower rain
3,Avarua,CK,-21.21,-159.78,73.4,83,90,3.36,light rain
4,Morant Bay,JM,17.88,-76.41,81.0,94,75,11.41,shower rain
5,Progreso,MX,21.28,-89.67,91.4,63,75,11.92,broken clouds
6,Taoudenni,ML,22.68,-3.98,90.75,15,29,7.23,scattered clouds
7,Ushuaia,AR,-54.8,-68.3,44.6,75,75,5.82,broken clouds
8,Xai-Xai,MZ,-25.05,33.64,61.38,88,6,3.94,clear sky
9,Cheboksary,RU,56.13,47.25,53.6,75,40,8.95,scattered clouds
10,Northam,GB,51.03,-4.22,54.0,83,47,8.01,scattered clouds
11,Bredasdorp,ZA,-34.53,20.04,59.0,72,22,16.11,few clouds
12,Zhigansk,RU,66.77,123.37,13.46,96,77,13.11,broken clouds
13,Impfondo,CG,1.64,18.07,71.17,88,16,2.46,few clouds
14,Manaus,BR,-3.1,-60.02,87.8,66,20,4.7,few clouds
15,Tara,RU,56.89,74.37,39.33,94,2,5.14,clear sky
16,Albany,US,42.6,-73.97,54.0,59,94,7.54,overcast clouds
17,Disa,IN,24.25,72.17,79.29,31,0,2.8,clear sky
18,Maragogi,BR,-9.01,-35.22,75.69,80,8,8.95,clear sky
19,Butaritari,KI,3.07,172.79,82.47,73,33,17.6,scattered clouds
20,Hermanus,ZA,-34.42,19.23,57.99,83,1,5.01,clear sky
21,Castro,BR,-24.79,-50.01,64.65,62,1,2.82,clear sky
22,Akyab,MM,20.15,92.9,78.55,88,51,6.6,broken clouds
23,New Norfolk,AU,-42.78,147.06,54.0,56,9,3.0,clear sky
24,Vaini,TO,-21.2,-175.2,77.0,65,20,13.87,few clouds
25,Ascension,US,30.22,-90.9,89.01,55,1,6.29,clear sky
26,Victoria,HK,22.29,114.16,79.0,81,100,1.99,light rain
27,Kodiak,US,57.79,-152.41,42.8,81,90,2.84,overcast clouds
28,Tynda,RU,55.17,124.72,23.76,86,100,9.48,overcast clouds
29,Fort Myers Beach,US,26.45,-81.95,84.99,70,1,12.75,clear sky
30,Isangel,VU,-19.55,169.27,77.0,94,90,9.17,light rain
31,Porto Santo,PT,33.07,-16.34,69.8,77,20,13.87,few clouds
32,Hofn,IS,64.25,-15.21,46.06,82,94,3.74,overcast clouds
33,Lata,PT,40.16,-8.33,59.0,75,0,1.01,clear sky
34,Erenhot,CN,43.65,111.98,27.81,72,0,8.14,clear sky
35,Port Hedland,AU,-20.32,118.57,69.8,73,0,4.7,clear sky
36,Saravan,AM,39.72,45.65,50.0,66,0,4.7,clear sky
37,Mataura,NZ,-46.19,168.86,54.0,69,56,7.0,broken clouds
38,Divo,CI,5.84,-5.36,71.31,99,91,2.89,overcast clouds
39,Hithadhoo,MV,-0.6,73.08,82.09,72,69,12.08,broken clouds
40,Rikitea,PF,-23.12,-134.97,74.07,75,9,14.94,clear sky
41,General Pico,AR,-35.66,-63.76,66.16,36,0,6.87,clear sky
42,Gunjur,GM,13.2,-16.73,77.0,94,40,11.86,thunderstorm
43,Hare Bay,CA,48.85,-54.01,41.0,74,20,11.41,few clouds
44,Qaanaaq,GL,77.48,-69.36,28.99,93,99,3.33,overcast clouds
45,Mahebourg,MU,-20.41,57.7,71.6,94,40,6.93,shower rain
46,Kapaa,US,22.08,-159.32,78.8,94,90,11.41,moderate rain
47,Saint George,US,37.1,-113.58,87.01,12,1,4.7,clear sky
48,Yulara,AU,-25.24,130.99,68.0,24,1,10.29,clear sky
49,Cape Town,ZA,-33.93,18.42,57.99,87,28,2.24,scattered clouds
50,Casablanca,MA,33.59,-7.62,68.0,100,40,10.29,scattered clouds
51,Punta Arenas,CL,-53.15,-70.92,50.0,71,100,23.04,overcast clouds
52,Safaga,EG,26.73,33.94,80.6,44,1,3.36,clear sky
53,Saint-Philippe,RE,-21.36,55.77,73.4,69,90,4.7,overcast clouds
54,Olinda,BR,-8.01,-34.86,80.6,69,40,11.41,scattered clouds
55,Bodden Town,KY,19.28,-81.25,86.0,74,20,9.17,few clouds
56,Tuktoyaktuk,CA,69.45,-133.04,23.0,79,90,17.22,light snow
57,Behbahan,IR,30.6,50.24,64.4,39,0,4.56,clear sky
58,Kemijarvi,FI,66.71,27.43,40.89,92,100,6.08,overcast clouds
59,Namibe,AO,-15.2,12.15,62.6,83,68,5.06,broken clouds
60,Beloha,MG,-25.17,45.05,65.86,77,77,9.1,broken clouds
61,Karratha,AU,-20.74,116.85,84.45,27,0,12.44,clear sky
62,Nelson Bay,AU,-32.72,152.15,66.2,77,6,9.17,clear sky
63,Upernavik,GL,72.79,-56.15,28.72,94,23,4.79,few clouds
64,Aklavik,CA,68.22,-135.01,23.0,67,75,8.05,shower rain
65,Yellowknife,CA,62.46,-114.35,35.6,64,90,23.04,overcast clouds
66,Awbari,LY,26.59,12.78,73.42,21,69,2.33,broken clouds
67,Henties Bay,NA,-22.12,14.28,55.99,89,0,5.99,clear sky
68,Kavaratti,IN,10.57,72.64,81.79,78,100,19.19,moderate rain
69,Gazanjyk,TM,39.24,55.52,51.44,37,0,12.39,clear sky
70,Dikson,RU,73.51,80.55,33.55,85,100,17.43,overcast clouds
71,Bubaque,GW,11.28,-15.83,83.55,77,79,7.36,light rain
72,Celestun,MX,20.87,-90.4,83.52,81,43,12.64,scattered clouds
73,Jamestown,US,42.1,-79.24,57.99,82,90,11.41,overcast clouds
74,Kalmunai,LK,7.42,81.82,77.4,74,43,5.37,scattered clouds
75,Bethel,US,41.37,-73.41,53.01,86,100,3.0,overcast clouds
76,Husavik,IS,66.04,-17.34,37.4,76,28,4.7,scattered clouds
77,Hay River,CA,60.82,-115.8,37.4,74,75,27.51,broken clouds
78,Balkhash,KZ,46.84,74.98,46.04,71,0,4.23,clear sky
79,Bengkulu,ID,-3.8,102.27,74.53,90,50,3.8,scattered clouds
80,Busselton,AU,-33.65,115.33,57.99,64,96,8.59,overcast clouds
81,Gillette,US,44.29,-105.5,64.4,18,75,24.16,broken clouds
82,Veraval,IN,20.9,70.37,82.09,57,12,7.99,few clouds
83,Lavrentiya,RU,65.58,-171.0,33.31,86,38,15.61,scattered clouds
84,Taltal,CL,-25.4,-70.48,58.89,74,22,3.89,few clouds
85,Asau,RO,46.43,26.4,59.0,97,97,3.24,overcast clouds
86,Puerto Ayora,EC,-0.74,-90.35,80.6,57,20,20.8,few clouds
87,Lapua,FI,62.97,23.01,43.0,99,87,1.01,overcast clouds
88,Mount Gambier,AU,-37.83,140.77,55.4,82,90,9.17,overcast clouds
89,Chuy,UY,-33.7,-53.46,54.61,89,56,7.67,broken clouds
90,Mount Isa,AU,-20.73,139.5,82.4,26,11,8.05,few clouds
91,Palizada,MX,18.25,-92.08,86.0,79,5,11.41,clear sky
92,Port Augusta,AU,-32.5,137.77,73.0,93,90,6.93,overcast clouds
93,Bluff,NZ,-46.6,168.33,54.0,69,50,7.0,scattered clouds
94,Mujiayingzi,CN,42.12,118.78,38.53,64,23,6.91,few clouds
95,Hirara,JP,24.8,125.28,78.8,83,75,13.87,broken clouds
96,Kurilsk,RU,45.23,147.88,58.17,91,100,28.27,light rain
97,Nanortalik,GL,60.14,-45.24,37.9,89,100,11.48,moderate rain
98,Hambantota,LK,6.12,81.12,78.8,94,20,12.75,few clouds
99,Bambanglipuro,ID,-7.95,110.28,77.05,81,54,5.95,light rain
100,Cherskiy,RU,68.75,161.3,21.63,88,16,9.26,few clouds
101,Tupik,RU,54.43,119.93,23.38,86,100,6.22,overcast clouds
102,Biak,ID,-0.91,122.88,78.89,75,70,6.31,broken clouds
103,Faanui,PF,-16.48,-151.75,78.82,80,3,13.2,clear sky
104,Provideniya,RU,64.38,-173.3,33.8,69,86,11.18,overcast clouds
105,Airai,TL,-8.93,125.41,67.03,65,71,4.54,broken clouds
106,Carnarvon,AU,-24.87,113.63,64.4,100,0,10.29,clear sky
107,Flin Flon,CA,54.77,-101.86,39.2,80,90,18.34,light intensity shower rain
108,Lorengau,PG,-2.02,147.27,83.57,77,100,7.76,light rain
109,Ahipara,NZ,-35.17,173.17,61.27,93,98,3.44,overcast clouds
110,Kirakira,SB,-10.45,161.92,84.65,75,87,11.5,light rain
111,Quatre Cocos,MU,-20.21,57.76,71.6,94,40,6.93,shower rain
112,Aksarka,RU,66.56,67.8,33.64,92,77,8.12,broken clouds
113,Hobart,AU,-42.88,147.33,54.0,50,20,11.41,few clouds
114,Katangli,RU,51.71,143.23,44.92,71,97,12.19,overcast clouds
115,Mariinsk,RU,56.21,87.75,39.78,96,100,4.65,overcast clouds
116,Banda Aceh,ID,5.56,95.32,81.43,69,100,9.82,overcast clouds
117,Ostrovnoy,RU,68.05,39.51,44.47,92,100,13.15,light rain
118,Cortez,US,37.35,-108.59,69.8,13,1,9.17,clear sky
119,Port Alfred,ZA,-33.59,26.89,63.21,52,46,5.82,scattered clouds
120,Tasiilaq,GL,65.61,-37.64,39.2,86,100,19.46,light intensity shower rain
121,Buguda,IN,19.82,84.8,76.26,95,100,4.38,overcast clouds
122,Salalah,OM,17.02,54.09,77.0,73,40,3.36,scattered clouds
123,Saskylakh,RU,71.92,114.08,18.63,96,100,7.58,overcast clouds
124,Soe,ID,-9.86,124.28,73.53,65,100,6.49,overcast clouds
125,Kiunga,PG,-6.12,141.29,79.23,88,100,3.31,light rain
126,Verkhnevilyuysk,RU,63.45,120.32,16.23,93,0,4.97,clear sky
127,Tabou,CI,4.42,-7.35,77.0,86,63,6.08,broken clouds
128,Ambon,ID,-3.7,128.18,77.0,94,75,2.24,broken clouds
129,Citrus Park,US,28.08,-82.57,82.99,72,19,9.6,few clouds
130,Guerrero Negro,MX,27.98,-114.06,85.89,37,0,11.54,clear sky
131,Tulum,MX,20.22,-87.47,87.8,74,20,9.17,few clouds
132,Ciudad Real,ES,39.0,-4.0,55.0,35,0,1.01,clear sky
133,Fayaoue,NC,-20.65,166.53,76.24,84,99,16.82,light rain
134,Ureki,GE,42.0,41.78,71.6,68,0,13.87,clear sky
135,Yar-Sale,RU,66.83,70.83,32.68,91,91,3.09,overcast clouds
136,Longyearbyen,SJ,78.22,15.64,21.2,73,40,5.82,scattered clouds
137,Yamada,JP,39.47,141.95,65.43,87,97,2.21,overcast clouds
138,Tuatapere,NZ,-46.13,167.68,54.0,69,59,7.0,broken clouds
139,Jieshi,CN,22.81,115.83,79.0,77,98,3.0,overcast clouds
140,Dingle,PH,11.0,122.67,77.81,88,100,3.69,overcast clouds
141,Marsaxlokk,MT,35.84,14.54,64.99,72,20,20.8,few clouds
142,Kango,GA,0.19,10.1,73.18,97,100,2.1,overcast clouds
143,Kavieng,PG,-2.57,150.8,83.52,73,7,6.98,light rain
144,Meulaboh,ID,4.14,96.13,76.19,83,100,5.3,overcast clouds
145,Aleksandrov Gay,RU,50.15,48.57,49.59,45,39,8.99,scattered clouds
146,Tecoanapa,MX,16.52,-98.75,84.11,70,81,4.72,broken clouds
147,Tessalit,ML,20.2,1.01,85.19,30,29,10.85,scattered clouds
148,La Ronge,CA,55.1,-105.28,41.0,52,75,21.92,broken clouds
149,Jalu,LY,29.03,21.55,76.84,31,2,11.83,clear sky
150,Cocobeach,GA,1.0,9.58,78.8,88,40,6.93,thunderstorm with light rain
151,Acapulco,MX,16.86,-99.89,87.8,66,20,9.17,few clouds
152,Vila Velha,BR,-20.33,-40.29,73.99,100,90,3.36,light rain
153,Severo-Kurilsk,RU,50.68,156.12,48.49,74,71,15.55,broken clouds
154,Berlevag,NO,70.86,29.09,37.58,90,97,9.6,light rain
155,Udachnyy,RU,66.42,112.4,12.2,92,0,4.47,clear sky
156,Beringovskiy,RU,63.05,179.32,28.27,96,94,14.61,overcast clouds
157,Vanimo,PG,-2.67,141.3,82.8,76,98,5.03,light rain
158,Marsa Matruh,EG,31.35,27.25,66.2,72,20,7.27,few clouds
159,Makakilo City,US,21.35,-158.09,82.4,74,1,6.93,clear sky
160,Byron Bay,AU,-28.65,153.62,69.8,68,8,6.93,clear sky
161,Roseburg,US,43.22,-123.34,72.0,52,40,8.05,scattered clouds
162,Maarianhamina,AX,60.1,19.93,44.6,87,40,1.12,scattered clouds
163,Rawson,AR,-43.3,-65.1,70.03,24,19,12.28,few clouds
164,Mbandaka,CD,0.05,18.26,71.64,92,36,1.34,scattered clouds
165,Flinders,AU,-34.58,150.86,77.0,74,0,1.99,clear sky
166,Bambous Virieux,MU,-20.34,57.76,71.6,94,40,6.93,shower rain
167,Sibolga,ID,1.74,98.78,75.96,74,98,2.82,overcast clouds
168,Ankola,IN,14.67,74.3,76.53,89,100,5.12,light rain
169,Dunedin,NZ,-45.87,170.5,52.0,78,20,7.0,few clouds
170,Benghazi,LY,32.12,20.07,77.02,69,24,9.73,few clouds
171,Teofilo Otoni,BR,-17.86,-41.51,71.73,75,96,5.55,overcast clouds
172,Nikolskoye,RU,59.7,30.79,48.0,93,20,2.24,light rain
173,Chokurdakh,RU,70.63,147.92,17.56,96,29,3.65,scattered clouds
174,Kloulklubed,PW,7.04,134.26,82.4,83,75,8.05,broken clouds
175,Amuntai,ID,-2.42,115.25,75.94,85,96,0.65,overcast clouds
176,Arraial Do Cabo,BR,-22.97,-42.03,73.4,73,75,19.46,broken clouds
177,Barrow,US,71.29,-156.79,24.8,79,90,6.93,overcast clouds
178,Monrovia,LR,6.3,-10.8,77.54,87,100,9.31,moderate rain
179,Auray,FR,47.67,-2.99,53.01,96,48,1.01,scattered clouds
180,Mirnyy,RU,62.54,113.96,17.6,85,94,8.95,light snow
181,Hilo,US,19.73,-155.09,86.0,58,40,6.93,scattered clouds
182,Mayskiy,RU,47.69,40.1,60.8,67,0,8.95,clear sky
183,Thinadhoo,MV,0.53,72.93,81.79,75,55,15.39,broken clouds
184,Dandong,CN,40.13,124.39,45.81,56,0,1.81,clear sky
185,Dicabisagan,PH,17.08,122.42,78.98,83,100,3.09,overcast clouds
186,Huarmey,PE,-10.07,-78.15,65.91,75,8,9.01,clear sky
187,Alpena,US,45.06,-83.43,62.6,82,90,10.29,overcast clouds
188,Yining,CN,29.04,114.56,59.88,84,0,2.77,clear sky
189,Garden City,US,42.33,-83.33,69.8,73,90,6.93,light intensity drizzle
190,Masvingo,ZW,-20.06,30.83,59.86,88,100,6.22,overcast clouds
191,Khatanga,RU,71.97,102.5,26.4,98,98,14.38,overcast clouds
192,Camacha,PT,33.08,-16.33,69.8,77,20,13.87,few clouds
193,Molde,NO,62.74,7.16,41.0,80,26,8.05,scattered clouds
194,Xichang,CN,27.9,102.26,62.49,76,95,1.81,overcast clouds
195,Bandarbeyla,SO,9.49,50.81,79.02,80,49,6.93,scattered clouds
196,Arrecife,ES,28.96,-13.55,77.0,57,8,10.29,clear sky
197,Aasiaat,GL,68.71,-52.87,28.72,94,99,2.71,overcast clouds
198,Praia,CV,14.92,-23.51,77.0,78,20,6.93,few clouds
199,Dukat,RU,62.55,155.55,33.06,81,100,5.86,overcast clouds
200,Tonk,IN,26.17,75.78,76.37,27,0,5.59,clear sky
201,Inhambane,MZ,-23.86,35.38,65.77,78,89,5.88,overcast clouds
202,Katsuura,JP,35.13,140.3,71.01,94,40,1.12,mist
203,Clyde River,CA,70.47,-68.59,32.0,97,90,5.82,overcast clouds
204,Itoman,JP,26.12,127.67,77.0,65,20,8.05,few clouds
205,Kahului,US,20.89,-156.47,91.4,49,40,18.34,scattered clouds
206,Hagere Hiywet,ET,8.98,37.85,53.69,71,28,3.89,scattered clouds
207,Ribeira Grande,PT,38.52,-28.7,69.01,70,13,11.72,few clouds
208,Pangnirtung,CA,66.15,-65.71,33.8,64,40,10.29,scattered clouds
209,Los Llanos De Aridane,ES,28.66,-17.92,77.0,47,95,11.41,overcast clouds
210,Cap Malheureux,MU,-19.98,57.61,71.6,94,40,6.93,shower rain
211,Killybegs,IE,54.63,-8.45,48.0,92,91,1.99,light rain
212,Primorsk,UA,46.73,36.34,62.2,81,80,10.36,broken clouds
213,Marovoay,MG,-16.1,46.63,78.8,78,40,3.36,thunderstorm
214,Souillac,MU,-20.52,57.52,71.6,94,40,6.93,shower rain
215,Ancud,CL,-41.87,-73.82,55.4,66,57,5.82,broken clouds
216,Lompoc,US,34.64,-120.46,95.0,35,1,14.99,clear sky
217,Nurota,UZ,40.56,65.69,42.8,30,0,4.7,clear sky
218,Hamilton,US,39.18,-84.53,73.99,69,90,6.93,overcast clouds
219,Vikhorevka,RU,56.12,101.16,21.2,73,6,2.24,clear sky
220,Port Elizabeth,ZA,-33.92,25.57,51.8,87,60,5.82,broken clouds
221,Ballina,AU,-28.87,153.57,69.8,68,13,6.93,few clouds
222,Nazarovo,RU,56.01,90.39,36.5,96,100,11.18,light rain
223,Batagay,RU,67.63,134.63,16.59,94,99,4.63,light snow
224,Port Hardy,CA,50.7,-127.42,51.8,87,75,8.05,broken clouds
225,Atuona,PF,-9.8,-139.03,78.51,72,49,14.03,scattered clouds
226,Qasigiannguit,GL,68.82,-51.19,33.8,74,100,4.7,overcast clouds
227,Mayo,US,38.89,-76.51,61.0,100,90,8.05,mist
228,Kyren,RU,51.68,102.14,22.44,76,0,0.92,clear sky
229,Tautira,PF,-17.73,-149.15,78.8,65,75,23.04,shower rain
230,Codrington,AU,-38.27,141.97,54.0,86,100,10.92,overcast clouds
231,Harper,LR,4.38,-7.72,77.0,87,98,6.69,light rain
232,Balabac,PH,7.99,117.06,82.45,78,100,7.67,light rain
233,Sitka,US,57.05,-135.33,48.2,81,90,8.05,light rain
234,Iracoubo,GF,5.48,-53.2,81.61,76,33,11.65,scattered clouds
235,Carauari,BR,-4.88,-66.9,73.38,94,88,0.69,moderate rain
236,Cidreira,BR,-30.18,-50.21,65.21,81,22,7.74,few clouds
237,Tateyama,JP,34.98,139.87,71.01,94,40,1.12,mist
238,Caucaia,BR,-3.74,-38.65,80.6,74,1,6.93,clear sky
239,San Carlos,VE,9.66,-68.58,76.26,88,94,3.15,overcast clouds
240,Bilibino,RU,68.05,166.44,20.46,82,5,1.16,clear sky
241,Uige,AO,-7.61,15.06,67.66,85,75,2.84,light rain
242,Mocuba,MZ,-16.84,36.99,69.33,89,66,2.91,broken clouds
243,Majene,ID,-3.54,118.97,79.66,79,77,8.97,broken clouds
244,Talcahuano,CL,-36.72,-73.12,60.8,59,0,19.46,clear sky
245,Te Anau,NZ,-45.42,167.72,51.3,77,48,6.13,scattered clouds
246,Atar,MR,20.52,-13.05,90.12,36,4,11.41,light rain
247,Gangakher,IN,18.95,76.75,73.0,91,89,3.09,overcast clouds
248,Ust-Kuyga,RU,70.02,135.6,11.26,93,30,4.63,scattered clouds
249,East London,ZA,-33.02,27.91,60.58,65,30,5.57,scattered clouds
250,Paita,PE,-5.09,-81.11,64.99,83,25,14.0,scattered clouds
251,Likasi,CD,-10.98,26.73,65.05,93,100,1.3,light rain
252,Moerai,PF,-22.43,-151.33,76.57,82,18,15.3,light rain
253,Anadyr,RU,64.75,177.48,26.6,86,40,6.71,scattered clouds
254,Bonthe,SL,7.53,-12.51,78.17,86,100,6.06,moderate rain
255,Port-Gentil,GA,-0.72,8.78,78.8,83,40,12.75,scattered clouds
256,Kholodnyy,RU,62.72,147.95,34.21,88,100,2.77,overcast clouds
257,Gao,ML,16.64,1.64,92.68,17,0,7.16,clear sky
258,Faya,SA,18.39,42.45,64.4,67,0,2.95,clear sky
259,Ondjiva,AO,-17.07,15.73,72.99,18,0,11.68,clear sky
260,Briancon,FR,44.9,6.65,48.0,36,27,1.99,scattered clouds
261,Tezu,IN,27.92,96.17,73.6,65,1,3.09,clear sky
262,Necochea,AR,-38.55,-58.74,46.99,94,21,1.01,light rain
263,Mogadishu,SO,2.04,45.34,78.37,82,23,8.72,few clouds
264,Pisco,PE,-13.7,-76.22,68.0,68,7,14.99,clear sky
265,Vardo,NO,70.37,31.11,33.8,100,75,9.17,broken clouds
266,San Cristobal,VE,7.77,-72.22,87.8,40,40,14.99,scattered clouds
267,Leningradskiy,RU,69.38,178.42,24.26,90,85,4.32,overcast clouds
268,Villa Union,MX,23.2,-106.23,89.6,70,90,8.05,overcast clouds
269,Sungairaya,ID,0.7,108.9,76.91,86,100,4.76,overcast clouds
270,Robertsport,LR,6.75,-11.37,79.18,83,100,10.56,light rain
271,Ozinki,RU,51.18,49.68,48.88,47,75,9.73,broken clouds
272,Kaitangata,NZ,-46.28,169.85,55.0,74,35,4.0,scattered clouds
273,Norman Wells,CA,65.28,-126.83,24.8,62,75,9.17,broken clouds
274,Muroto,JP,33.28,134.15,71.6,64,40,10.29,scattered clouds
275,Mar Del Plata,AR,-38.0,-57.56,57.2,62,0,3.36,clear sky
276,Markova,UA,48.68,24.41,50.22,87,65,3.87,broken clouds
277,Sao Miguel Do Araguaia,BR,-13.28,-50.16,86.72,38,64,1.36,broken clouds
278,Upington,ZA,-28.45,21.26,60.8,13,2,2.24,clear sky
279,Katsina,NG,12.99,7.6,83.71,24,0,5.21,clear sky
280,The Valley,AI,18.22,-63.06,86.0,79,40,9.17,scattered clouds
281,Novouzensk,RU,50.46,48.14,48.96,47,31,8.41,scattered clouds
282,Sakyla,FI,61.03,22.33,46.4,93,40,5.82,shower rain
283,High Level,CA,58.52,-117.14,41.0,56,75,14.99,broken clouds
284,Lewiston,US,44.1,-70.21,48.2,57,0,3.36,clear sky
285,Sovetskiy,RU,61.36,63.58,41.85,94,100,5.19,overcast clouds
286,Pastavy,BY,55.12,26.83,50.04,96,100,5.64,light rain
287,Narsaq,GL,60.92,-46.05,51.8,43,100,17.22,drizzle
288,Hasaki,JP,35.73,140.83,68.0,100,75,2.24,mist
289,Gien,FR,47.69,2.63,50.0,92,100,5.17,overcast clouds
290,Sao Joao Da Barra,BR,-21.64,-41.05,73.4,73,90,11.41,overcast clouds
291,Mushie,CD,-3.02,16.9,73.49,93,78,1.34,broken clouds
292,Westport,US,41.14,-73.36,55.0,87,100,17.43,overcast clouds
293,Oron,NG,4.83,8.23,75.6,89,99,4.54,moderate rain
294,Gizo,SB,-8.1,156.84,85.23,74,97,12.01,moderate rain
295,Georgetown,MY,5.41,100.34,77.0,88,20,3.36,few clouds
296,Pedro Velho,BR,-6.44,-35.22,71.76,89,7,7.67,clear sky
297,Kautokeino,NO,69.01,23.04,34.81,88,83,9.1,broken clouds
298,Torbay,CA,47.67,-52.73,46.0,75,20,12.75,few clouds
299,Coracora,PE,-15.03,-73.78,52.68,59,98,6.38,light rain
300,Abu Dhabi,AE,24.47,54.37,84.2,70,0,4.7,clear sky
301,Laguna,US,38.42,-121.42,88.0,19,1,9.17,clear sky
302,Sur,OM,22.57,59.53,82.15,50,0,16.44,clear sky
303,Gort,IE,53.07,-8.82,48.2,87,40,9.17,scattered clouds
304,Honolulu,US,21.31,-157.86,82.4,69,75,5.82,broken clouds
305,Sao Filipe,CV,14.9,-24.5,78.04,77,36,8.81,scattered clouds
306,Sokolka,PL,53.41,23.5,48.0,100,100,13.22,light rain
307,Lar,IN,26.2,83.97,75.7,67,3,4.25,clear sky
308,Sampit,ID,-2.53,112.95,75.22,87,96,1.45,overcast clouds
309,Lebu,CL,-37.62,-73.65,50.38,81,0,18.3,clear sky
310,Chapais,CA,49.78,-74.85,46.4,49,1,9.17,clear sky
311,Lere,NG,10.39,8.57,71.35,54,0,3.51,clear sky
312,Ust-Nera,RU,64.57,143.2,29.82,93,100,6.26,overcast clouds
313,Sandviken,SE,60.62,16.77,44.01,82,7,4.0,clear sky
314,Moroni,KM,-11.7,43.26,77.99,80,7,2.73,clear sky
315,San Quintin,MX,30.48,-115.95,83.3,37,0,13.56,clear sky
316,Mehamn,NO,71.04,27.85,37.26,76,85,8.77,overcast clouds
317,Sorland,NO,67.67,12.69,45.72,73,14,22.59,few clouds
318,Lagoa,PT,39.05,-27.98,69.1,76,49,17.2,light rain
319,Pachino,IT,36.72,15.09,53.6,93,20,4.7,few clouds
320,Tiksi,RU,71.69,128.87,9.32,93,4,5.06,clear sky
321,Healdsburg,US,38.61,-122.87,91.99,20,20,3.36,few clouds
322,Sangar,RU,63.92,127.47,20.77,85,100,8.03,light snow
323,Salo,IT,45.61,10.53,48.99,70,33,6.93,scattered clouds
324,Ipixuna,BR,-1.76,-48.8,77.0,78,20,8.05,few clouds
325,Barabai,ID,-2.58,115.38,76.19,80,100,0.94,overcast clouds
326,Krasnoselkup,RU,65.7,82.47,33.33,98,98,8.95,overcast clouds
327,Pevek,RU,69.7,170.31,25.11,93,86,13.24,overcast clouds
328,Omsukchan,RU,62.53,155.8,34.27,76,100,7.34,overcast clouds
329,Nago,JP,26.59,127.98,71.6,83,1,5.82,clear sky
330,Arcata,US,40.87,-124.08,73.99,82,20,12.75,few clouds
331,Am Timan,TD,11.03,20.28,75.92,77,2,6.51,clear sky
332,Olsztyn,PL,53.78,20.49,42.8,93,75,6.93,broken clouds
333,Davila,PH,18.47,120.58,77.0,94,40,4.7,scattered clouds
334,Sheridan,US,44.83,-106.92,68.0,22,20,25.28,few clouds
335,Aswan,EG,24.09,32.91,83.93,27,2,11.59,clear sky
336,Kirensk,RU,57.79,108.11,21.58,93,83,2.91,broken clouds
337,Homer,US,59.64,-151.55,46.4,70,1,2.26,clear sky
338,Praia Da Vitoria,PT,38.73,-27.07,66.2,82,75,17.07,broken clouds
339,Aransas Pass,US,27.91,-97.15,87.01,74,1,12.75,clear sky
340,Egvekinot,RU,66.32,-179.17,24.64,94,5,2.48,clear sky
341,Esperance,AU,-33.87,121.9,50.0,100,4,9.17,clear sky
342,Coronel Oviedo,PY,-25.42,-56.45,80.11,35,0,8.57,clear sky
343,Kendari,ID,-3.94,122.5,78.8,80,68,2.66,broken clouds
344,Princeton,US,25.54,-80.41,84.99,78,75,6.26,broken clouds
345,Ponta Do Sol,PT,32.67,-17.1,71.6,68,20,16.11,few clouds
346,Chara,RU,56.91,118.26,19.94,82,100,4.68,overcast clouds
347,Noumea,NC,-22.28,166.46,78.01,88,100,2.24,overcast clouds
348,Sobolevo,RU,54.43,31.9,51.06,92,86,7.14,overcast clouds
349,Berdigestyakh,RU,62.1,126.7,21.09,86,100,14.43,overcast clouds
350,Charters Towers,AU,-20.1,146.27,77.76,51,20,14.05,few clouds
351,Broken Hill,AU,-31.95,141.43,73.4,27,0,10.29,clear sky
352,Lufilufi,WS,-13.87,-171.6,87.8,74,75,12.75,broken clouds
353,Sorong,ID,-0.88,131.25,79.09,85,83,7.07,broken clouds
354,Sola,VU,-13.88,167.55,82.4,83,75,5.82,light intensity shower rain
355,Ilulissat,GL,69.22,-51.1,33.8,74,100,4.7,overcast clouds
356,Avera,US,33.19,-82.53,77.0,88,90,5.82,overcast clouds
357,Umm Kaddadah,SD,13.6,26.69,88.0,22,4,3.65,clear sky
358,Tucupita,VE,9.06,-62.05,77.97,89,95,5.12,moderate rain
359,Amazar,RU,53.86,120.88,25.14,88,100,10.07,overcast clouds
360,Mulege,MX,26.88,-111.98,87.62,51,3,9.51,clear sky
361,Alofi,NU,-19.06,-169.92,77.0,65,75,21.92,broken clouds
362,Liangxiang,CN,39.73,116.14,55.99,62,0,3.98,clear sky
363,Grand-Bourg,GP,15.88,-61.31,78.8,94,16,5.82,few clouds
364,Cabedelo,BR,-6.98,-34.83,77.0,83,40,8.05,scattered clouds
365,Ndele,CF,8.41,20.65,72.3,88,91,1.12,light rain
366,Hami,CN,42.8,93.45,45.03,53,95,7.58,overcast clouds
367,Khorixas,NA,-20.37,14.97,51.84,57,0,0.83,clear sky
368,La Asuncion,VE,11.03,-63.86,87.8,62,30,9.17,scattered clouds
369,Opuwo,NA,-18.06,13.84,62.8,29,0,6.51,clear sky
370,Jamsa,FI,61.86,25.19,41.0,100,75,4.7,broken clouds
371,San Carlos De Bariloche,AR,-41.15,-71.31,64.4,16,34,17.22,scattered clouds
372,Yorkton,CA,51.22,-102.47,51.8,34,75,19.46,broken clouds
373,Talnakh,RU,69.49,88.4,28.4,92,40,13.42,light snow
374,Bathsheba,BB,13.22,-59.52,82.4,78,40,11.41,scattered clouds
375,Basco,PH,20.45,121.97,81.64,81,48,17.13,scattered clouds
376,Fortuna,US,40.6,-124.16,73.99,64,1,16.11,clear sky
377,Abnub,EG,27.27,31.15,78.8,47,58,8.05,broken clouds
378,Tambun,ID,-6.26,107.07,79.0,83,20,3.49,haze
379,Qui Nhon,VN,13.77,109.23,77.81,85,97,4.32,overcast clouds
380,Pervomayskiy,RU,53.25,40.29,52.63,92,57,4.72,broken clouds
381,Lazaro Cardenas,MX,17.96,-102.2,84.27,69,52,3.85,broken clouds
382,Sayyan,YE,15.17,44.32,55.45,41,0,6.96,clear sky
383,Obukhiv,UA,50.11,30.62,57.0,93,89,2.24,overcast clouds
384,Oussouye,SN,12.48,-16.55,78.8,94,20,2.24,thunderstorm
385,Moindou,NC,-21.69,165.68,75.2,88,94,2.24,overcast clouds
386,Kaeo,NZ,-35.1,173.78,64.0,95,100,14.0,moderate rain
387,Lyuban,BY,52.8,28.0,55.74,84,100,11.97,overcast clouds
388,Hovd,MN,48.01,91.64,32.61,83,49,5.86,scattered clouds
389,Altagracia De Orituco,VE,9.86,-66.38,73.4,91,99,2.15,overcast clouds
390,Abu Samrah,SY,35.3,37.18,62.67,41,6,3.0,clear sky
391,Zhongshu,CN,24.52,103.77,54.99,87,88,2.19,overcast clouds
392,Dhidhdhoo,MV,6.88,73.1,83.17,75,99,23.31,overcast clouds
393,Kattivakkam,IN,13.22,80.32,78.8,94,75,5.82,light rain
394,Klaksvik,FO,62.23,-6.59,41.0,80,84,4.7,broken clouds
395,Kouroussa,GN,10.65,-9.88,71.56,95,89,5.28,light rain
396,Moree,AU,-29.47,149.85,68.0,64,27,10.29,scattered clouds
397,Saint-Augustin,CA,51.23,-58.65,37.42,78,25,7.99,scattered clouds
398,Nome,US,64.5,-165.41,37.4,34,51,18.34,broken clouds
399,Vestmannaeyjar,IS,63.44,-20.27,44.47,77,0,5.41,clear sky
400,Cumana,VE,10.46,-64.18,87.8,62,83,9.17,broken clouds
401,Tanout,NE,14.97,8.89,88.12,13,0,6.53,clear sky
402,Bay Roberts,CA,47.6,-53.26,43.0,45,57,7.27,broken clouds
403,Gorele,TR,41.03,39.0,68.0,94,0,3.33,clear sky
404,Poole,GB,50.72,-2.0,51.8,93,75,11.41,light intensity drizzle
405,Kununurra,AU,-15.77,128.73,71.6,46,25,2.24,scattered clouds
406,Saint Anthony,US,45.02,-93.22,64.4,27,1,12.75,clear sky
407,Verkhniy Tagil,RU,57.37,59.96,41.63,72,100,6.11,overcast clouds
408,Obama,JP,35.5,135.75,70.0,74,72,3.0,broken clouds
409,Batsfjord,NO,70.63,29.72,33.8,100,75,9.17,broken clouds
410,Cayenne,GF,4.93,-52.33,82.4,78,6,12.06,light rain
411,Tokmak,UA,47.25,35.71,59.5,81,90,6.06,overcast clouds
412,Buchanan,LR,5.88,-10.05,76.39,89,100,6.93,overcast clouds
413,Winnemucca,US,40.97,-117.74,77.0,11,1,18.34,clear sky
414,Xuddur,SO,4.12,43.89,73.42,86,76,14.09,broken clouds
415,Maine-Soroa,NE,13.21,12.02,90.23,17,2,6.24,clear sky
416,Fernandopolis,BR,-20.28,-50.25,82.62,31,26,7.0,scattered clouds
417,Brooks,CA,50.58,-111.89,46.0,57,92,8.99,overcast clouds
418,Azanka,RU,58.04,64.79,41.72,91,100,4.76,overcast clouds
419,Colares,PT,38.8,-9.45,63.0,62,0,15.52,clear sky
420,Russell,US,32.35,-85.2,82.4,61,20,3.36,few clouds
421,College,US,64.86,-147.8,33.8,40,75,9.17,broken clouds
422,Cochrane,CA,51.18,-114.47,37.4,61,90,5.82,overcast clouds
423,Garissa,KE,-0.45,39.64,77.31,72,0,13.94,clear sky
424,Aras,ES,42.56,-2.36,57.0,76,90,3.96,overcast clouds
425,Valle De Allende,MX,26.93,-105.4,81.14,17,45,13.67,scattered clouds
426,Kargasok,RU,59.06,80.86,39.45,97,99,6.13,light rain
427,Cabo San Lucas,MX,22.89,-109.91,84.0,69,90,4.7,overcast clouds
428,Makat,KZ,47.65,53.35,52.63,36,31,9.46,scattered clouds
429,Saldanha,ZA,-33.01,17.94,55.4,82,73,3.36,broken clouds
430,Valera,VE,9.32,-70.6,75.9,75,95,2.77,overcast clouds
431,Puerto Suarez,BO,-18.95,-57.8,96.8,59,81,6.93,smoke
432,Pontianak,ID,-0.03,109.33,74.26,93,94,3.71,overcast clouds
433,Nador,MA,35.17,-2.93,66.2,68,20,3.33,few clouds
434,Andijon,UZ,40.78,72.34,48.2,81,75,6.71,mist
435,Akcakoca,TR,41.09,31.12,67.01,60,26,3.53,scattered clouds
436,Sabang,ID,5.89,95.32,82.53,74,100,15.88,light rain
437,Lasa,IT,46.62,10.7,44.01,74,5,4.7,clear sky
438,Coquimbo,CL,-29.95,-71.34,55.4,82,20,10.29,few clouds
439,Bantry,IE,51.68,-9.45,46.4,87,75,10.29,broken clouds
440,Rio Gallegos,AR,-51.62,-69.22,64.4,34,75,19.46,broken clouds
441,Gat,IL,31.61,34.76,73.0,69,4,3.04,clear sky
442,Matay,EG,28.42,30.78,70.97,67,78,12.08,broken clouds
443,Dongsheng,CN,39.82,109.98,37.92,61,18,6.22,few clouds
444,Vila Franca Do Campo,PT,37.72,-25.43,66.2,63,40,8.05,scattered clouds
445,Manaure,CO,11.78,-72.44,86.49,67,56,10.69,broken clouds
446,Komsomolskiy,UZ,40.43,71.72,48.2,81,0,4.7,clear sky
447,Suhbaatar,MN,50.23,106.21,21.54,79,0,2.19,clear sky
448,Sidhauli,IN,27.28,80.83,77.0,88,0,4.76,mist
449,Rawlins,US,41.79,-107.24,59.0,22,1,35.57,clear sky
450,Batticaloa,LK,7.71,81.69,78.17,69,67,6.73,broken clouds
451,Rondonopolis,BR,-16.47,-54.64,78.91,70,35,2.24,moderate rain
452,Tual,ID,-5.67,132.75,81.9,79,95,17.25,light rain
453,La Serena,CL,-29.91,-71.25,55.4,82,20,10.29,few clouds
454,Mattru,SL,7.62,-11.83,74.08,96,100,2.64,moderate rain
455,Tucurui,BR,-3.77,-49.67,80.55,69,73,0.38,broken clouds
456,Brodokalmak,RU,55.57,62.08,37.4,59,100,2.24,overcast clouds
457,Ladario,BR,-19.0,-57.6,96.8,39,81,5.82,smoke
458,Buriti Bravo,BR,-5.84,-43.83,78.91,62,58,1.52,broken clouds
459,Burnie,AU,-41.07,145.92,55.99,45,2,11.01,clear sky
460,Nicoya,CR,10.15,-85.45,86.0,70,75,6.93,broken clouds
461,Svetlogorsk,BY,52.63,29.73,52.47,93,92,6.67,overcast clouds
462,Pombas,CV,17.15,-25.02,74.82,78,6,9.35,clear sky
463,Nishihara,JP,26.18,127.76,77.0,83,20,10.98,few clouds
464,Salinopolis,BR,-0.61,-47.36,80.15,81,25,13.13,scattered clouds
465,Arlit,NE,18.74,7.39,90.36,13,0,8.21,clear sky
466,Chapada Dos Guimaraes,BR,-15.46,-55.75,91.4,41,9,2.24,clear sky
467,Itarema,BR,-2.92,-39.92,78.3,77,0,15.7,clear sky
468,Botngard,NO,63.77,9.81,46.0,81,75,1.12,broken clouds
469,Gabu,GW,12.28,-14.22,74.37,94,100,5.61,overcast clouds
470,Port Blair,IN,11.67,92.75,80.47,83,100,14.14,moderate rain
471,Boves,IT,44.33,7.55,43.0,86,0,4.7,clear sky
472,Tlacote El Bajo,MX,20.65,-100.5,78.8,27,75,11.41,broken clouds
473,Baykit,RU,61.67,96.37,22.32,87,74,2.39,broken clouds
474,Rabaul,PG,-4.2,152.17,83.75,68,2,1.72,light rain
475,Olga,RU,43.74,135.29,42.98,69,0,4.83,clear sky
476,Lerwick,GB,60.15,-1.15,48.2,81,93,17.22,overcast clouds
477,Wau,SS,7.7,28.0,72.79,88,29,3.91,light rain
478,Naron,ES,43.52,-8.15,62.01,100,75,4.7,fog
479,Masuda,JP,34.67,131.85,64.4,72,75,6.93,broken clouds
480,Geraldton,AU,-28.77,114.6,60.8,93,90,4.7,overcast clouds
481,Haines Junction,CA,60.75,-137.51,41.11,67,100,2.91,overcast clouds
482,Yerbogachen,RU,61.28,108.01,24.31,87,100,9.1,overcast clouds
483,Goure,NE,13.98,10.27,87.01,20,0,5.01,clear sky
484,Cananeia,BR,-25.01,-47.93,66.7,86,0,6.31,clear sky
485,Amapa,BR,1.0,-52.0,79.88,50,98,4.25,overcast clouds
486,Leh,IN,34.17,77.58,36.23,65,0,3.67,clear sky
487,Setermoen,NO,68.86,18.35,39.99,86,96,5.82,overcast clouds
488,Margate,GB,51.38,1.39,51.01,96,100,1.01,light rain
489,Carutapera,BR,-1.2,-46.02,77.32,84,0,7.07,clear sky
490,Hualmay,PE,-11.1,-77.61,64.47,78,23,8.19,few clouds
491,Timbo,BR,-26.82,-49.27,70.0,77,0,10.29,clear sky
492,Darnah,LY,32.77,22.64,79.38,39,0,25.84,clear sky
493,Basi,IN,26.83,76.03,77.0,33,0,2.24,haze
494,The Pas,CA,53.83,-101.25,44.6,48,90,21.92,overcast clouds
495,Adet,ET,11.26,37.49,56.23,77,74,1.7,broken clouds
496,Coihaique,CL,-45.58,-72.07,50.0,76,90,5.82,overcast clouds
497,Khasan,RU,42.43,130.64,44.65,59,0,4.74,clear sky
498,Archidona,ES,37.1,-4.39,63.0,84,0,1.99,clear sky
499,Tazovskiy,RU,67.47,78.7,31.48,97,100,11.32,overcast clouds
500,Baglung,NP,28.27,83.59,65.77,65,64,3.13,broken clouds
501,Srednekolymsk,RU,67.45,153.68,27.27,84,56,6.82,broken clouds
502,Ostersund,SE,63.18,14.64,37.4,93,52,3.36,broken clouds
503,Manavalakurichi,IN,8.13,77.3,78.8,94,75,4.7,moderate rain
504,Calama,CL,-22.47,-68.93,73.4,9,17,28.86,few clouds
505,Jiazi,CN,22.88,116.07,74.88,80,98,29.08,light rain
506,Kushima,JP,31.46,131.23,66.2,82,20,4.7,few clouds
507,Giyon,ET,8.53,37.98,54.45,66,2,5.57,clear sky
508,Hvolsvollur,IS,63.75,-20.22,36.0,96,0,1.63,clear sky
509,Takoradi,GH,4.88,-1.76,76.06,89,1,7.7,clear sky
510,Padang,ID,-0.95,100.35,79.03,74,100,3.47,overcast clouds
511,Saint Paul,US,44.94,-93.09,64.99,31,1,14.99,clear sky
512,Iqaluit,CA,63.75,-68.51,24.8,85,40,12.75,scattered clouds
513,Mendi,PG,-6.18,143.65,68.05,62,89,1.48,overcast clouds
514,Finschhafen,PG,-6.6,147.87,84.34,63,88,9.89,overcast clouds
515,Richards Bay,ZA,-28.78,32.04,64.02,76,7,14.94,clear sky
516,Sonamukhi,IN,23.3,87.42,76.75,91,92,3.22,light rain
517,Baoma,CN,31.49,106.11,59.13,94,100,4.65,overcast clouds
518,Porterville,US,36.07,-119.02,84.2,37,1,5.82,clear sky
519,Strelka,RU,58.07,93.03,33.44,95,100,5.99,overcast clouds
520,Montana,BG,43.41,23.23,64.0,10,79,2.1,light rain
521,Burns Lake,CA,54.23,-125.75,47.62,52,2,7.4,clear sky
522,Kentau,KZ,43.52,68.51,50.34,40,0,9.93,clear sky
523,Matagami,CA,49.75,-77.63,51.8,67,1,12.75,clear sky
524,Poroshkovo,UA,48.67,22.75,46.0,95,94,10.0,overcast clouds
525,Batagay-Alyta,RU,67.8,130.41,13.42,86,90,3.22,overcast clouds
526,Baculin,PH,7.45,126.58,81.99,75,98,3.2,light rain
527,Saquarema,BR,-22.92,-42.51,73.4,73,75,19.46,broken clouds
528,La Primavera,CO,5.49,-70.41,78.69,81,87,1.66,light rain
529,Birjand,IR,32.87,59.22,44.6,26,0,6.93,clear sky
530,Kidal,ML,18.44,1.41,89.06,20,14,15.79,few clouds
531,Mutsu,JP,41.29,141.22,63.0,77,20,10.29,few clouds
532,Buala,SB,-8.14,159.59,85.32,72,96,8.9,moderate rain
533,Lakes Entrance,AU,-37.88,147.98,64.0,80,51,1.99,broken clouds
534,Mwinilunga,ZM,-11.74,24.43,64.06,83,100,1.86,light rain
535,Fort Nelson,CA,58.81,-122.7,41.0,80,90,4.7,overcast clouds
536,Grindavik,IS,63.84,-22.43,41.0,100,75,3.36,broken clouds
537,Rasipuram,IN,11.47,78.17,74.71,85,100,4.12,light rain
538,Pechora,RU,65.15,57.22,43.57,94,100,8.93,light rain
539,Prince Rupert,CA,54.32,-130.32,50.0,81,20,10.29,few clouds
540,Kangaatsiaq,GL,68.31,-53.46,37.31,82,78,7.11,broken clouds
541,Ambilobe,MG,-13.2,49.05,74.52,79,0,6.02,clear sky
542,Esil,KZ,51.96,66.4,43.48,63,9,4.72,clear sky
543,Bakel,SN,14.9,-12.46,84.78,60,71,8.08,moderate rain
544,Lensk,RU,60.73,114.93,22.68,89,25,9.91,scattered clouds
545,Nowy Targ,PL,49.48,20.03,39.0,100,90,6.93,light rain
546,Thai Nguyen,VN,21.59,105.84,78.8,54,89,6.93,overcast clouds
547,Vallenar,CL,-28.57,-70.76,64.76,55,8,3.18,clear sky
548,Chimbote,PE,-9.09,-78.58,63.25,83,34,7.63,scattered clouds
549,Sawtell,AU,-30.38,153.1,69.8,68,88,3.36,overcast clouds
550,Walvis Bay,NA,-22.96,14.51,55.99,87,0,9.17,clear sky
551,Shemysheyka,RU,52.89,45.39,57.0,39,95,7.09,overcast clouds
552,Pula,HR,44.87,13.85,46.4,75,96,4.7,overcast clouds
553,Gurupa,BR,-1.41,-51.64,80.8,62,75,1.5,broken clouds
554,Guajara,BR,-2.97,-57.67,79.92,69,80,1.19,light rain
555,Bourail,NC,-21.57,165.48,81.46,60,88,5.53,overcast clouds
556,Lipin Bor,RU,60.26,37.98,50.52,94,99,8.86,overcast clouds
557,Rantepao,ID,-2.97,119.9,70.05,76,75,1.07,broken clouds
558,Manta,EC,-0.95,-80.73,82.4,58,65,11.41,broken clouds
559,Sao Felix Do Xingu,BR,-6.64,-51.99,79.38,63,84,2.01,broken clouds
560,Blackwater,AU,-23.58,148.88,74.28,46,62,12.46,broken clouds
561,Calamar,CO,10.25,-74.91,86.0,79,40,6.93,scattered clouds
562,Raudeberg,NO,61.99,5.14,46.99,77,6,20.04,clear sky
563,Ust-Omchug,RU,61.15,149.63,33.44,93,100,5.06,overcast clouds
564,Nagato,JP,34.38,131.2,66.2,87,75,3.36,broken clouds
565,Podporozhye,RU,60.91,34.17,45.5,96,100,4.21,overcast clouds
566,Vanderhoof,CA,54.02,-124.02,49.06,50,0,7.72,clear sky
567,Korgen,NO,66.08,13.82,39.0,92,58,2.19,broken clouds
568,Torquay,GB,50.46,-3.51,50.0,9,24,12.48,few clouds
569,Lumberton,US,34.62,-79.01,75.2,88,75,3.74,broken clouds
570,Naze,JP,28.37,129.48,75.2,73,20,6.93,few clouds
571,Porosozero,RU,62.72,32.73,41.74,95,100,3.74,overcast clouds
572,Sioux Lookout,CA,50.1,-91.92,48.2,66,75,4.7,broken clouds
573,Tiarei,PF,-17.53,-149.33,78.8,65,75,23.04,shower rain
574,Sebeta,ET,8.92,38.62,59.0,72,20,11.41,few clouds
575,Mishan,CN,45.55,131.88,39.33,69,35,3.31,scattered clouds
576,Khuzdar,PK,27.74,66.64,53.91,29,0,6.89,clear sky
577,Mponela,MW,-13.53,33.74,66.16,82,25,8.52,light rain
578,Porto Novo,BJ,6.5,2.6,80.6,88,40,6.93,scattered clouds
579,Monduli,TZ,-3.3,36.45,69.8,52,12,11.41,few clouds
580,Sistranda,NO,63.73,8.83,44.6,81,75,1.12,broken clouds
581,Rocha,UY,-34.48,-54.33,51.6,94,36,9.86,scattered clouds
582,Klyuchi,RU,52.27,79.17,48.47,90,100,12.95,light rain
583,Araceli,PH,10.55,119.99,83.57,73,100,5.01,overcast clouds
584,Tias,ES,28.96,-13.64,77.0,57,14,10.29,few clouds
585,Atherton,GB,53.52,-2.49,50.0,78,35,8.25,scattered clouds
586,Lososina,RU,49.0,140.31,45.66,57,0,14.36,clear sky
587,Barcelos,PT,41.54,-8.62,60.01,100,20,8.05,few clouds
588,Isla Aguada,MX,18.78,-91.47,86.0,79,5,11.41,clear sky
589,Zolotukhino,RU,52.08,36.38,52.81,89,22,3.94,few clouds
590,Niquero,CU,20.04,-77.58,81.34,77,98,3.65,overcast clouds
591,Altus,US,34.64,-99.33,78.8,14,1,4.7,clear sky
592,Dali,CN,25.7,100.18,58.41,85,78,2.33,broken clouds
593,Berdychiv,UA,49.9,28.6,56.66,82,100,10.07,overcast clouds
594,Teguldet,RU,57.31,88.17,36.39,98,100,3.33,light rain
595,Ambovombe,MG,-25.17,46.08,67.59,88,97,10.76,overcast clouds
596,Skibbereen,IE,51.55,-9.27,46.4,87,75,10.29,broken clouds
597,Shimoda,JP,34.67,138.95,68.0,93,0,3.89,clear sky
598,Lexington,US,37.99,-84.48,73.99,69,20,11.41,few clouds
599,Great Falls,US,47.5,-111.3,53.6,50,20,26.4,few clouds
600,Walla Walla,US,46.06,-118.34,66.99,36,1,18.34,clear sky
601,Khani,GE,41.96,42.96,71.6,46,0,25.28,clear sky
602,Mugur-Aksy,RU,50.35,90.5,26.01,89,100,3.87,overcast clouds
603,Le Port,RE,-20.94,55.29,75.2,64,90,11.41,overcast clouds
604,High Prairie,CA,55.43,-116.49,42.06,69,96,16.17,overcast clouds
605,Chulym,RU,55.1,80.96,41.11,94,44,10.65,scattered clouds
606,Licata,IT,37.11,13.95,53.6,93,26,4.7,scattered clouds
607,Telhara,IN,21.03,76.84,76.86,82,67,3.15,broken clouds
608,Kalnciems,LV,56.8,23.61,46.4,93,20,5.82,few clouds
609,Iquitos,PE,-3.75,-73.25,91.4,63,40,2.24,scattered clouds
610,Queanbeyan,AU,-35.35,149.23,62.01,67,4,3.11,clear sky
611,Pangai,TO,-19.8,-174.35,77.0,73,40,20.8,scattered clouds
612,Saint-Pierre,RE,-21.34,55.48,73.4,69,90,4.7,overcast clouds
613,Viedma,AR,-40.81,-63.0,64.99,49,0,6.78,clear sky
614,Jining,CN,35.41,116.58,60.01,65,100,4.18,light rain
615,Stephenville,US,32.22,-98.2,78.8,29,1,10.29,clear sky
616,Quelimane,MZ,-17.88,36.89,73.4,94,75,3.36,broken clouds
617,Bayeux,BR,-7.12,-34.93,77.0,83,40,8.05,scattered clouds
618,Falmouth,GB,50.15,-5.07,53.6,81,40,11.41,scattered clouds
619,Saint-Georges,GD,12.06,-61.75,80.6,78,40,8.05,scattered clouds
620,Churapcha,RU,62.0,132.43,26.13,95,98,14.97,overcast clouds
621,Urubicha,BO,-15.38,-62.95,86.95,39,78,2.86,broken clouds
622,San Patricio,US,28.02,-97.52,90.0,59,20,13.87,few clouds
623,Paamiut,GL,61.99,-49.67,37.98,93,100,10.22,light rain
624,Pochutla,MX,15.74,-96.47,90.0,62,20,4.34,few clouds
625,Imbituba,BR,-28.24,-48.67,69.8,73,0,19.46,clear sky
626,Nizwa,OM,22.93,57.53,74.43,24,6,7.99,clear sky
627,Ust-Ilimsk,RU,58.0,102.66,19.74,92,32,3.38,scattered clouds
628,Caravelas,BR,-17.71,-39.25,73.54,87,77,8.43,broken clouds
629,Pavlodar,KZ,52.3,76.95,48.2,81,93,8.95,overcast clouds
630,Manokwari,ID,-0.87,134.08,83.7,70,82,5.41,broken clouds
631,Brae,GB,60.4,-1.35,48.2,81,93,17.22,overcast clouds
632,San Policarpo,PH,12.18,125.51,82.45,83,99,6.82,light rain
633,Coahuayana,MX,18.73,-103.68,78.8,78,75,2.08,broken clouds
634,Pauini,BR,-7.71,-66.98,82.67,61,55,1.61,light rain
635,Roald,NO,62.58,6.13,44.6,81,15,11.41,few clouds
636,Prieta,HN,15.58,-86.18,79.57,87,71,2.01,broken clouds
637,Kandalaksha,RU,67.16,32.41,43.05,89,100,5.64,overcast clouds
638,Balaipungut,ID,1.05,101.28,73.4,94,20,2.17,few clouds
639,Jacareacanga,BR,-6.22,-57.75,79.81,72,93,0.85,light rain
640,Evensk,RU,61.95,159.23,38.34,76,80,3.53,broken clouds
641,Shimanovsk,RU,52.0,127.7,29.07,89,90,9.17,overcast clouds
642,Aykhal,RU,66.0,111.5,12.2,92,52,4.47,broken clouds
643,La Ligua,CL,-32.45,-71.23,55.4,87,20,8.05,haze
644,Le Havre,FR,49.49,0.11,50.0,93,90,10.29,light intensity drizzle
645,Colquechaca,BO,-18.67,-66.02,39.04,90,91,6.89,light rain
646,Ukiah,US,39.15,-123.21,87.8,23,1,8.05,clear sky
647,Silvan,TR,38.14,41.01,53.6,46,0,4.7,clear sky
648,Oyem,GA,1.6,11.58,67.41,99,96,3.36,overcast clouds
649,Opatija,HR,45.34,14.31,53.6,50,40,9.17,scattered clouds
650,Si Sa Ket,TH,14.83,104.33,75.0,98,100,4.9,overcast clouds
651,Puerto Escondido,MX,15.85,-97.07,89.6,62,40,3.36,scattered clouds
652,Pokhara,NP,28.23,83.98,68.79,57,17,2.89,few clouds
653,Pali,IN,25.77,73.33,78.69,21,0,6.26,clear sky
654,Longkou,CN,37.65,120.33,58.71,58,98,7.16,overcast clouds
655,Seymchan,RU,62.88,152.43,36.19,75,100,2.89,overcast clouds
656,Yagodnoye,RU,62.55,149.67,34.81,85,100,3.65,overcast clouds
657,Molepolole,BW,-24.41,25.5,57.2,100,0,6.93,clear sky
658,Saint-Joseph,RE,-21.37,55.62,73.4,69,90,4.7,overcast clouds
659,Tura,IN,25.52,90.22,72.72,90,1,3.31,clear sky
660,Twante,MM,16.72,95.93,77.0,94,40,2.24,scattered clouds
661,Mananara,MG,-16.17,49.77,72.95,89,29,2.98,light rain
662,Sydney,AU,-33.87,151.21,73.0,64,0,9.17,clear sky
663,Roma,US,43.21,-75.46,55.4,50,90,18.34,overcast clouds
664,Pacific Grove,US,36.62,-121.92,84.99,53,1,4.7,clear sky
665,Takaka,NZ,-40.85,172.8,61.0,82,7,8.99,clear sky
666,Dabakala,CI,8.37,-4.43,73.26,94,1,4.14,light rain
667,Pasni,PK,25.26,63.47,73.0,33,0,32.37,clear sky
668,Scottsbluff,US,41.87,-103.67,69.8,18,1,21.92,clear sky
669,Constitucion,CL,-35.33,-72.42,57.4,70,0,14.29,clear sky
670,Aleksandrovsk-Sakhalinskiy,RU,50.9,142.16,47.12,65,99,9.8,overcast clouds
671,Tongren,CN,27.72,109.19,62.33,81,88,3.76,overcast clouds
672,Sirsi,IN,14.62,74.85,69.39,100,100,2.39,light rain
673,Tambopata,PE,-12.73,-69.18,88.52,35,55,1.28,broken clouds
674,Half Moon Bay,US,37.46,-122.43,82.4,49,1,17.22,clear sky
675,Shieli,KZ,44.17,66.75,50.14,42,0,7.74,clear sky
676,La Palma,US,33.85,-118.05,98.6,23,1,6.93,clear sky
677,Odlabari,IN,26.83,88.62,73.4,94,20,1.12,few clouds
678,Igarka,RU,67.47,86.58,25.63,98,100,17.4,light snow
679,Comodoro Rivadavia,AR,-45.87,-67.5,69.8,32,25,33.33,scattered clouds
680,Palanga,LT,55.92,21.07,46.4,93,100,8.05,overcast clouds
681,Terrace Bay,CA,48.78,-87.1,55.4,93,90,16.11,moderate rain
682,Earlston,GB,55.64,-2.67,43.0,92,17,7.63,few clouds
683,Dubbo,AU,-32.25,148.62,64.4,63,0,6.93,clear sky
684,Palmer,US,42.16,-72.33,53.6,66,90,8.05,overcast clouds
685,Peace River,CA,56.25,-117.29,41.0,80,90,24.16,light rain
686,Pimentel,PE,-6.84,-79.93,66.2,77,59,20.8,broken clouds
687,Vilhena,BR,-12.74,-60.15,73.69,73,79,3.31,broken clouds
688,Letka,RU,59.6,49.42,44.78,77,100,5.44,light rain
689,Tutoia,BR,-2.76,-42.27,79.72,78,4,13.53,clear sky
690,Esso,RU,55.93,158.7,39.18,60,100,1.68,overcast clouds
691,Sechura,PE,-5.56,-80.82,70.57,68,13,14.34,few clouds
692,Luderitz,NA,-26.65,15.16,63.05,48,2,15.23,clear sky
693,La Rioja,ES,42.25,-2.5,57.0,76,90,5.01,overcast clouds
694,Escuinapa,MX,22.85,-105.8,89.6,70,90,8.05,overcast clouds
695,Geilo,NO,60.53,8.21,28.99,95,2,1.45,clear sky
696,Nalgonda,IN,17.05,79.27,72.66,96,100,10.96,moderate rain
697,Iquique,CL,-20.22,-70.14,64.4,72,90,8.05,overcast clouds
698,Buraydah,SA,26.33,43.98,64.4,31,0,1.9,clear sky
699,Hilton Head Island,US,32.22,-80.75,80.01,74,90,4.7,overcast clouds
700,Vao,NC,-22.67,167.48,73.4,87,100,16.8,light rain
701,Vanersborg,SE,58.38,12.32,39.2,100,3,1.19,fog
702,Mandalgovi,MN,45.76,106.27,16.11,75,59,0.87,broken clouds
703,Orlik,RU,52.52,99.83,16.25,83,77,2.84,broken clouds
704,Bafq,IR,31.61,55.41,42.85,43,0,1.1,clear sky
705,Krupanj,RS,44.37,19.36,42.8,100,90,4.7,light rain
706,Ko Samui,TH,9.54,99.94,80.89,82,100,15.26,light rain
707,Hammerfest,NO,70.66,23.68,37.4,86,75,16.11,shower rain
708,Okhotsk,RU,59.38,143.3,48.18,93,100,11.03,light rain
709,Nerchinskiy Zavod,RU,51.31,119.61,21.9,85,61,4.92,broken clouds
710,Xiuyan,CN,40.29,123.27,45.36,57,0,2.42,clear sky
711,Baijiantan,CN,45.63,85.18,48.07,53,66,8.86,broken clouds
712,Watertown,US,42.37,-71.18,55.0,71,90,10.29,overcast clouds
713,Touros,BR,-5.2,-35.46,77.0,78,20,6.93,few clouds
714,Monchegorsk,RU,67.94,32.87,40.84,89,100,9.73,overcast clouds
715,Wewak,PG,-3.55,143.63,82.02,81,99,5.82,overcast clouds
716,Venafro,IT,41.48,14.05,55.0,80,1,1.01,clear sky
717,Farah,AF,32.5,62.5,35.62,79,0,2.93,clear sky
718,Sakakah,SA,29.97,40.21,73.4,15,0,9.17,clear sky
719,Kanniyakumari,IN,8.08,77.57,79.27,81,98,23.49,light rain
720,Fukue,JP,32.69,128.84,68.99,70,0,17.25,clear sky
721,Ust-Tsilma,RU,65.44,52.15,43.47,96,100,3.58,overcast clouds
722,Ixtapa,MX,20.7,-105.2,86.0,74,90,8.05,overcast clouds
723,Shingu,JP,33.73,135.98,69.49,76,0,3.89,clear sky
